CNPJ_CIA;DT_REFER;VERSAO;DENOM_CIA;CD_CVM;CATEG_DOC;ID_DOC;DT_RECEB;LINK_DOC
06.981.381/0001-13;2025-03-31;1;CTC - CENTRO DE TECNOLOGIA CANAVIEIRA S.A.;023981;DFP;148167;2025-05-22;http://www.rad.cvm.gov.br/ENETCONSULTA/frmDownloadDocumento.aspx?CodigoInstituicao=1&NumeroSequencialDocumento=148167
08.070.508/0001-78;2025-03-31;1;RAIZEN ENERGIA S.A.;023230;DFP;147553;2025-05-13;http://www.rad.cvm.gov.br/ENETCONSULTA/frmDownloadDocumento.aspx?CodigoInstituicao=1&NumeroSequencialDocumento=147553
33.453.598/0001-23;2025-03-31;1;RA�ZEN S.A.;025917;DFP;147552;2025-05-13;http://www.rad.cvm.gov.br/ENETCONSULTA/frmDownloadDocumento.aspx?CodigoInstituicao=1&NumeroSequencialDocumento=147552
64.904.295/0001-03;2025-02-28;1;CAMIL ALIMENTOS S.A.;024228;DFP;147180;2025-05-08;http://www.rad.cvm.gov.br/ENETCONSULTA/frmDownloadDocumento.aspx?CodigoInstituicao=1&NumeroSequencialDocumento=147180
