CNPJ_CIA;DT_REFER;VERSAO;DENOM_CIA;QT_ACAO_ORDIN_CAP_INTEGR;QT_ACAO_PREF_CAP_INTEGR;QT_ACAO_TOTAL_CAP_INTEGR;QT_ACAO_ORDIN_TESOURO;QT_ACAO_PREF_TESOURO;QT_ACAO_TOTAL_TESOURO
06.981.381/0001-13;2025-03-31;1;CTC - CENTRO DE TECNOLOGIA CANAVIEIRA S.A.;320748000;0;320748000;0;0;0
08.070.508/0001-78;2025-03-31;1;RAIZEN ENERGIA S.A.;22322879019;0;22322879019;0;0;0
33.453.598/0001-23;2025-03-31;1;RA�ZEN S.A.;8993572584;1358936900;10352509484;0;18263674;18263674
64.904.295/0001-03;2025-02-28;1;CAMIL ALIMENTOS S.A.;350000000;0;350000000;8928768;0;8928768
